./data/compress/FSLW171155_FR_FL.jpg,0.002193883,4.56E-05,0.99776053
./data/compress/SSLS182301_FR_FL.jpg,0.72255033,0.000795163,0.27665445
./data/compress/SSLS182403_FR_CR.jpg,0.18390518,0.00028514,0.81580967
./data/compress/LXLM183416_FR_FL.jpg,0.12954296,0.000408304,0.87004876
./data/compress/LXLM184204_FR_FL.jpg,0.00784225,9.92E-05,0.9920586
./data/compress/FYLW171112_FR_45.jpg,0.16788548,0.001585929,0.8305286
./data/compress/FPLW171172_FR_CR.jpg,0.15219027,0.002644602,0.84516513
./data/compress/SSLS182415_FR_FL.jpg,0.001216317,5.20E-05,0.9987317
./data/compress/KNLS182301_FR_CR.jpg,0.002675018,0.000210041,0.9971149
./data/compress/SSLS182105_FR_FL.jpg,0.000545309,0.00027949,0.99917513
./data/compress/BALM183304_FR_CR.jpg,3.71E-05,0.9997516,0.000211317
./data/compress/FWLW172106_FR_FL.jpg,0.37723467,0.002187929,0.6205774
./data/compress/KXLS181105_FR_FL.jpg,0.5691152,0.00067492,0.43020985
./data/compress/STLM183007_FR_FL.jpg,0.003835516,0.000251156,0.9959133
./data/compress/LHLM184165_FR_FL.jpg,0.000121401,0.000113941,0.9997646
./data/compress/SSLS183401_FR_FL.jpg,0.010900453,0.964331,0.02476856
./data/compress/FOLW171163_FR_FL.jpg,0.38347912,0.000555656,0.61596525
./data/compress/FJLW171122_FR_45.jpg,0.023066148,0.97009283,0.006841013
./data/compress/SSLS182201_FR_FL.jpg,0.9422026,0.000930038,0.05686741
./data/compress/SSLS182411_FR_CR.jpg,0.051059313,0.000373816,0.9485668
./data/compress/LHLM183303_FR_FL.jpg,0.00013309,4.76E-05,0.99981934
./data/compress/BALS183103_FR_CR.jpg,0.22549297,0.6329777,0.1415293
./data/compress/LXLS182204_FR_FL.jpg,0.002068926,0.000248738,0.99768233
./data/compress/SSLS182110_FR_CR.jpg,0.065407485,0.000304229,0.93428826
./data/compress/LXLM184152_FR_FL.jpg,0.020558609,0.000239686,0.97920173
./data/compress/CNLS182402_FR_FL.jpg,0.013565576,0.000213903,0.9862205
./data/compress/SSLS182431_FR_CR.jpg,0.9632428,0.000455111,0.036302112
./data/compress/FCLW171109_FR_FL.jpg,0.50146735,0.005090544,0.49344215
./data/compress/BHFW185801_FR_45_02.jpg,0.11915244,0.039631158,0.8412164
./data/compress/KMLM184404_FR_CR.jpg,0.012152853,0.000256249,0.9875909
./data/compress/CLLM183201_FR_FL.jpg,0.040716473,0.000274076,0.9590094
./data/compress/CCLM184411_FR_CR.jpg,0.07592103,0.018079642,0.90599936
./data/compress/SSLS183204_FR_CR.jpg,0.025932712,0.95213246,0.021934757
./data/compress/SSLM183306_FR_FL.jpg,0.00030406,8.98E-05,0.9996061
./data/compress/LSFS197702_FR_45.jpg,0.00954889,0.000169085,0.99028206
./data/compress/KJFA184802_FR_CR.jpg,0.015460943,0.001256676,0.9832824
./data/compress/LXLM184442_FR_FL.jpg,0.00386493,9.16E-05,0.99604356
./data/compress/FWLW171121_FR_CR.jpg,0.006754951,0.000111232,0.9931338
./data/compress/LXFA185402_FR_45.jpg,0.8413599,0.001417562,0.15722251
./data/compress/LALS182403_FR_45.jpg,0.017948953,0.000658133,0.9813929
./data/compress/CCLS182205_FR_CR.jpg,9.60E-05,0.002527961,0.9973761
./data/compress/SCLS181107_FR_CR.jpg,0.002622189,0.000103594,0.9972742
./data/compress/BALM182406_FR_CR.jpg,0.002396779,0.000256815,0.9973464
./data/compress/FOLW171197_FR_45_.jpg,0.000307416,0.000612172,0.9990804
./data/compress/LALM183002_FR_FL.jpg,0.003264754,2.29E-05,0.9967123
./data/compress/FOLW171161_FR_FL.jpg,0.042967815,0.002656453,0.95437574
./data/compress/LXLS181109_FR_FL.jpg,0.23662736,0.005833553,0.75753915
./data/compress/SCLM183005_FR_CR.jpg,0.07633223,5.44E-05,0.9236134
./data/compress/LXLS182303_FR_FL.jpg,0.9662293,0.000352877,0.033417765
./data/compress/LXLM183415_FR_FL.jpg,0.09172924,0.000126109,0.9081446
./data/compress/SSLM182211_FR_CR.jpg,0.98825395,0.00380206,0.007943926
./data/compress/FOLW171156_FR_45.jpg,0.000245178,0.000351957,0.9994029
./data/compress/STLS182404_FR_FL.jpg,0.9936371,0.001661734,0.00470124
./data/compress/SSLM183309_FR_CR.jpg,0.6095793,0.067883536,0.3225371
./data/compress/kylw186108_FR_45_1.jpg,0.04679637,0.000113187,0.9530904
./data/compress/UDLM183002_FR_FL.jpg,0.012811556,0.000595109,0.9865933
./data/compress/SSLM184137_FR_CR.jpg,0.49878204,0.004052587,0.49716544
./data/compress/FYLW171103_FR_45.jpg,0.000743336,1.07E-05,0.999246
./data/compress/FOLW171162_FR_FL.jpg,0.03289466,0.94902474,0.018080566
./data/compress/LXLS196904_FR_45.jpg,0.08191035,0.002159402,0.9159303
./data/compress/KXLS182101_FR_CR.jpg,0.13839602,0.00634631,0.85525763
./data/compress/KXLS181201_FR_FL.jpg,0.9991524,6.90E-05,0.00077859
./data/compress/LHLM182205_FR_FL.jpg,3.42E-05,2.01E-06,0.99996376
./data/compress/FPLW171165_FR_45.jpg,0.01603989,0.000552688,0.98340744
./data/compress/BCLS182203_FR_FL.jpg,6.82E-05,3.76E-06,0.999928
./data/compress/FOLW171132_FR_45.jpg,0.11185768,0.11389586,0.77424645
./data/compress/LXLA185102_FR_FL.jpg,0.007486353,0.000213565,0.99230003
./data/compress/BHLS183402_FR_CR.jpg,0.10029655,0.021392513,0.8783109
./data/compress/SSLM184177_FR_CR.jpg,0.06605309,0.000804461,0.9331424
./data/compress/CCLS183101_FR_FL.jpg,0.9991861,6.20E-05,0.00075187
./data/compress/SSLM183210_FR_CR.jpg,0.008108233,0.000102568,0.9917892
./data/compress/UDLM182101_FR_CR.jpg,0.032091387,0.005223863,0.9626848
./data/compress/UDLM182409_FR_FL.jpg,0.30452508,0.000391992,0.69508296
./data/compress/SWLS181201_FR_FL.jpg,0.83630455,0.000408904,0.16328654
./data/compress/CCLS182419_FR_FL.jpg,0.048877146,0.002095709,0.9490271
./data/compress/LXLS197104_FR_45.jpg,0.001450354,6.99E-05,0.9984798
./data/compress/KNLS182102_FR_FL.jpg,0.872265,0.000682507,0.12705246
./data/compress/BCLM183206_FR_CR.jpg,0.000127181,2.00E-05,0.9998528
./data/compress/LXLM183029_FR_FL.jpg,0.05906195,0.000421217,0.9405168
./data/compress/LHLM184423_FR_FL.jpg,0.95599985,0.000259326,0.043740723
./data/compress/FSLW171155_FR_45.jpg,0.04561668,0.002680347,0.951703
./data/compress/SSLM184137_FR_FL.jpg,0.011178773,0.000113176,0.988708
./data/compress/CCLS181109_FR_FL.jpg,0.010019308,0.000130569,0.98985016
./data/compress/BHLS183103_FR_FL.jpg,0.8095774,0.003197444,0.1872251
./data/compress/CCLS182418_FR_FL.jpg,0.001634818,0.000100029,0.9982652
./data/compress/BALM182104_FR_FL.jpg,0.05221222,0.000187326,0.9476004
./data/compress/FYLW171106_FR_45.jpg,0.16035384,0.000202597,0.83944356
./data/compress/BHFS197302_FR_1.jpg,0.04816327,0.06428647,0.88755023
./data/compress/LHLM184441_FR_FL.jpg,0.19920364,0.000701586,0.8000948
./data/compress/FOLW172102_FR_CR.jpg,0.000670386,0.00017361,0.999156
./data/compress/KFLS181101_FR_45.jpg,0.8209962,0.004247059,0.1747567
./data/compress/FOLW171122_FR_FL.jpg,0.02463314,0.00038854,0.9749783
./data/compress/CNLM183201_FR_FL.jpg,0.002421176,0.000407502,0.99717134
./data/compress/CCLM182402_FR_CR.jpg,0.009725438,0.00273695,0.9875377
./data/compress/FFLW171101_FR_CR.jpg,0.004277183,0.9941221,0.00160075
./data/compress/SSLM184108_FR_CR.jpg,0.00011313,5.59E-06,0.99988127
./data/compress/LHLM184422_FR_FL.jpg,0.34641293,0.000195861,0.65339124
./data/compress/LXLM184102_FR_FL.jpg,0.010359543,0.000764738,0.98887575
./data/compress/BCLM183006_FR_FL.jpg,0.95135653,0.000415717,0.04822769
./data/compress/FOLW171201_FR_FL.jpg,0.000265337,2.53E-05,0.9997093
./data/compress/FFLW171120_FR_FL.jpg,0.016541889,0.000950872,0.9825073
./data/compress/LHLM184159_FR_CR.jpg,0.28673977,0.015514888,0.6977454
./data/compress/LXLS190109_FR_45.jpg,0.004862641,0.000167951,0.9949694
./data/compress/UDLM184104_FR_FL.jpg,0.10108017,0.004955565,0.8939643
./data/compress/BHLS182401_FR_CR.jpg,0.3962954,0.020778554,0.58292603
./data/compress/SCLM183004_FR_CR.jpg,0.99987924,8.83E-05,3.24E-05
./data/compress/BHLS181103_FR_FL.jpg,0.7605646,0.23063748,0.008797942
./data/compress/SSLS182215_FR_FL.jpg,5.58E-05,4.49E-05,0.99989927
./data/compress/FOLW171209_FR_CR.jpg,0.018989634,0.006134155,0.9748762
./data/compress/LALM184417_FR_FL.jpg,0.15464008,0.009489347,0.83587056
./data/compress/FOLW171152_FR_CR.jpg,0.08364163,0.05992238,0.85643595
./data/compress/BHLM183303_FR_CR.jpg,0.647199,0.04098277,0.3118183
./data/compress/SSLM184148_FR_FL.jpg,0.9947923,0.000291533,0.00491618
./data/compress/SSLS183203_FR_CR.jpg,0.025030812,0.00063747,0.9743317
./data/compress/SSLS182407_FR_FL.jpg,0.044384774,0.000546356,0.9550689
./data/compress/LXLM183214_FR_FL.jpg,0.3709955,0.0368931,0.5921114
./data/compress/FTLW171123_FR_CR.jpg,0.9885047,0.001358987,0.010136327
./data/compress/SSLS182206_FR_CR.jpg,0.037430048,0.9566363,0.005933605
./data/compress/STLM182408_FR_CR.jpg,5.36E-05,2.90E-07,0.9999461
./data/compress/LXLM184456_FR_FL.jpg,0.12829493,0.001362294,0.87034273
./data/compress/STLM184103_FR_CR.jpg,0.003916874,0.000190846,0.9958923
./data/compress/BPLM183001_FR_FL.jpg,0.037436385,0.9534399,0.009123792
./data/compress/FOLW172101_FR_FL.jpg,0.002335526,1.91E-05,0.99764544
./data/compress/SSLS182202_FR_FL.jpg,0.000446714,6.30E-06,0.99954695
./data/compress/LXLW186205_FR_45.jpg,0.07642443,0.001027811,0.92254776
./data/compress/STLM182408_FR_FL.jpg,0.000189643,8.02E-06,0.9998024
./data/compress/SCLM183201_FR_CR.jpg,0.5318026,0.43378264,0.03441471
./data/compress/KXFS197203_FR_45.jpg,0.000698616,2.41E-05,0.9992773
./data/compress/FFLW171124_FR_CR.jpg,0.7706073,0.001318953,0.22807373
./data/compress/LHLM183405_FR_FL.jpg,6.12E-05,6.37E-06,0.9999324
./data/compress/CXLM182201_FR_CR.jpg,4.40E-05,2.89E-06,0.99995303
./data/compress/SSLM182117_FR_FL.jpg,0.001107059,4.47E-05,0.9988482
./data/compress/SSLM183404_FR_FL.jpg,9.71E-05,2.47E-05,0.99987817
./data/compress/BALM182401_FR_FL.jpg,0.000251436,2.11E-06,0.9997465
./data/compress/CCLM184114_FR_CR.jpg,0.11808115,0.74885815,0.1330607
./data/compress/STLS181103_FR_FL.jpg,0.000894678,0.00058366,0.9985216
./data/compress/SSLS182310_FR_CR.jpg,0.9610417,0.00026353,0.03869485
./data/compress/SSLS181110_FR_CR.jpg,0.9608968,0.000195085,0.038908117
./data/compress/BPLM183001_FR_CR.jpg,0.11804315,0.8524562,0.029500667
./data/compress/SSLM184204_FR_CR.jpg,0.002031782,5.51E-05,0.9979132
./data/compress/STLS182401_FR_FL.jpg,0.028360436,0.000344029,0.9712955
./data/compress/SSLM183411_FR_FL.jpg,0.00193224,8.84E-05,0.99797934
./data/compress/CCLM184119_FR_CR.jpg,0.000197071,2.14E-05,0.99978155
./data/compress/SSLS182401_FR_CR.jpg,0.00447603,0.000222525,0.9953015
./data/compress/SSLS182213_FR_CR.jpg,0.004939971,9.10E-05,0.99496907
./data/compress/FYLW171113_FR_CR.jpg,0.6264813,0.36132845,0.012190154
./data/compress/BWLS182101_FR_CR.jpg,0.101516046,0.005613094,0.89287084
./data/compress/SSLA185701_FR_45.jpg,0.005220536,0.000227732,0.9945517
./data/compress/FOLW171151_FR_45.jpg,0.5356415,0.11864381,0.34571472
./data/compress/CXLM182201_FR_FL.jpg,9.72E-06,2.59E-06,0.9999877
./data/compress/LXLM184311_FR_FL.jpg,0.000303719,0.9993488,0.000347458
./data/compress/CCLM184106_FR_CR.jpg,0.7592795,0.05133952,0.18938097
./data/compress/SCLM183101_FR_FL.jpg,0.056582715,0.000451292,0.9429659
./data/compress/FDLW171197_FR_45.jpg,0.007396802,0.000935526,0.9916677
./data/compress/LXLM182205_FR_FL.jpg,3.21E-05,1.41E-05,0.99995387
./data/compress/BCLA184506_FR_FL.jpg,0.000109263,1.55E-05,0.9998752
./data/compress/SWLS181106_FR_FL.jpg,0.002089542,0.000651885,0.99725854
./data/compress/FDLW171195_FR_45.jpg,0.033985708,0.000506371,0.9655079
./data/compress/SSLM184102_FR_CR.jpg,3.37E-05,1.21E-05,0.9999542
./data/compress/FOLW171153_FR_CR.jpg,0.015742822,0.004168525,0.98008865
./data/compress/SSLS181108_FR_CR.jpg,0.003472165,0.000152529,0.99637526
./data/compress/LHLM182406_FR_FL.jpg,1.74E-05,1.65E-06,0.9999809
./data/compress/LHLM184424_FR_FL.jpg,0.5558095,0.001630981,0.44255948
./data/compress/LXLM183303_FR_FL.jpg,0.013947767,0.969315,0.016737243
./data/compress/FWLW172103_FR_45.jpg,0.19221298,0.002302557,0.8054845
./data/compress/SSLM184418_FR_CR.jpg,0.0592601,0.000336777,0.9404031
./data/compress/SSLM182206_FR_FL.jpg,0.019974636,0.000615629,0.9794097
./data/compress/SSLM184402_FR_CR.jpg,0.30605993,0.000132635,0.6938074
./data/compress/SSLM184407_FR_CR.jpg,0.003607828,0.000177199,0.9962149
./data/compress/SSLS182314_FR_CR.jpg,0.07231886,0.000132493,0.92754865
./data/compress/FOLW171161_FR_CR.jpg,0.053098418,0.026936023,0.9199655
./data/compress/BALS181102_FR_FL.jpg,0.001165153,0.000195644,0.99863917
./data/compress/FOLW171167_FR_CR.jpg,0.50100833,0.4866447,0.012346987
./data/compress/FOLW171188_FR_CR.jpg,0.053504452,0.006842831,0.93965274
./data/compress/LHLM181104_FR_FL.jpg,0.39104918,0.07285824,0.53609264
./data/compress/UDLM182104_FR_FL.jpg,0.000522405,4.11E-05,0.99943644
./data/compress/LHLM183105_FR_FL.jpg,0.017647587,0.002409844,0.97994256
./data/compress/LHLM184303_FR_FL.jpg,0.95320755,0.000172021,0.04662039
./data/compress/SWFA185503_FR_FL.jpg,0.005151422,2.24E-05,0.99482614
./data/compress/SBLS181103_FR_FL.jpg,0.023020882,7.76E-05,0.9769016
./data/compress/LXLM183076_FR_FL.jpg,0.000586224,6.49E-05,0.99934894
./data/compress/LHLM184430_FR_FL.jpg,0.080425106,0.000192154,0.91938275
./data/compress/SSLS182439_FR_CR.jpg,0.99244916,0.004597499,0.002953293
./data/compress/FCLW171133_FR_FL.jpg,0.022581013,0.004596397,0.97282255
./data/compress/SSLS182306_FR_CR.jpg,0.7849124,0.000596381,0.21449116
./data/compress/SSLM182212_FR_FL.jpg,0.99774665,2.58E-05,0.002227544
./data/compress/BCLM183204_FR_FL.jpg,0.74152285,0.000947094,0.25753006
./data/compress/SWLS181104_FR_CR.jpg,0.17103627,0.00030297,0.8286607
./data/compress/LXLM183418_FR_FL.jpg,0.10876164,0.001358541,0.8898798
./data/compress/SCLM181204_FR_FL.jpg,0.003522074,0.000103145,0.9963748
./data/compress/FJLW171121_FR_FL.jpg,0.74045396,0.020640133,0.2389059
./data/compress/FCLW172101_FR_CR.jpg,0.9680272,0.003019919,0.028952897
./data/compress/BHLS182104_FR_FL.jpg,0.006001683,4.28E-05,0.99395555
./data/compress/SSLS182427_FR_FL.jpg,0.018546987,0.000367651,0.9810854
./data/compress/SWLS183101_FR_FL.jpg,0.001688379,2.25E-05,0.99828905
./data/compress/SSLS182218_FR_FL.jpg,0.93434393,0.000818408,0.06483767
./data/compress/FSLW171182_FR_FL.jpg,0.001722773,0.00095037,0.99732685
./data/compress/FJLW171135_FR_CR.jpg,0.6324014,0.031088147,0.33651042
./data/compress/BHLM184404_FR_FL.jpg,0.026657065,0.27751666,0.6958263
./data/compress/BALM181201_FR_CR.jpg,0.005021876,0.000322302,0.99465585
./data/compress/SSLM184129_FR_FL.jpg,8.51E-05,1.53E-05,0.9998996
./data/compress/FOLW171159_FR_CR.jpg,0.17105137,0.022968091,0.8059805
./data/compress/SSLS182409_FR_CR.jpg,0.000258651,2.14E-05,0.9997199
./data/compress/FSLW171135_FR_CR.jpg,0.3704637,0.29503986,0.3344964
./data/compress/LXLS181103_FR_FL.jpg,0.000100816,5.49E-06,0.99989367
./data/compress/FPLW171102_FR_45.jpg,0.16874872,0.44196087,0.38929042
./data/compress/SBLM182201_FR_CR.jpg,0.004374224,0.000161446,0.9954644
./data/compress/UDLM184112_FR_FL.jpg,0.999019,0.000203604,0.000777334
./data/compress/SSLM184101_FR_FL.jpg,0.000161852,8.46E-06,0.99982965
./data/compress/CXLM184103_FR_FL.jpg,0.005421822,0.000275935,0.9943023
./data/compress/SMLA184507_FR_FL.jpg,0.001907873,3.63E-05,0.9980558
./data/compress/CNLM183202_FR_FL.jpg,0.003819217,0.000178146,0.9960026
./data/compress/CCLS182415_FR_CR.jpg,0.9980714,0.000955908,0.000972794
./data/compress/SCLM183004_FR_FL.jpg,0.9844429,0.013935144,0.001621987
./data/compress/FPLW171120_FR_45.jpg,0.00031879,0.000196626,0.99948454
./data/compress/SSLS182111_FR_FL.jpg,0.001773279,0.000995553,0.9972312
./data/compress/SSLS182210_FR_CR.jpg,0.0497557,0.000282178,0.9499621
./data/compress/BHLS182403_FR_FL.jpg,0.008921495,0.000157171,0.9909213
./data/compress/SSLA184810_FR_FL.jpg,0.003055521,0.000223842,0.9967206
./data/compress/SSLS181110_FR_FL.jpg,0.18451132,0.000341679,0.8151469
./data/compress/BCLS182202_FR_CR.jpg,0.32681823,0.54649067,0.12669107
./data/compress/BCLS182201_FR_FL.jpg,0.15520118,0.000154506,0.8446443
./data/compress/SSLS182112_FR_CR.jpg,0.000203021,2.84E-05,0.99976856
./data/compress/SSLS182441_FR_FL.jpg,0.23422807,0.002080628,0.7636913
./data/compress/FWLW171120_FR_CR.jpg,0.16063158,0.00021403,0.8391544
./data/compress/FCLW171137_FR_45.jpg,0.07928453,0.00045265,0.9202628
./data/compress/CCLS181202_FR_FL.jpg,0.000535582,2.54E-05,0.99943906
./data/compress/SSLS182207_FR_CR.jpg,0.018962426,4.65E-05,0.9809911
./data/compress/BHLS182103_FR_FL.jpg,0.014128885,0.96322656,0.022644514
./data/compress/LXLM184422_FR_FL.jpg,0.051238064,0.000477471,0.9482845
./data/compress/FDLW171122_FR_45.jpg,0.001243624,0.000100111,0.9986563
./data/compress/LHFA6001_FR_45.jpg,0.002858471,5.43E-05,0.9970872
./data/compress/LXLS197505_FR_45.jpg,0.60451424,0.000466625,0.39501917
./data/compress/FFLW171125_FR_45.jpg,0.010281779,0.000174915,0.9895433
./data/compress/BWLS181106_FR_FL.jpg,0.56509316,0.014021621,0.4208852
./data/compress/LXLS182305_FR_CR.jpg,0.000306215,5.37E-05,0.9996401
./data/compress/BALS182416_FR_FL.jpg,0.000327733,7.69E-06,0.99966455
./data/compress/SSLM182112_FR_FL.jpg,0.003538469,0.000188396,0.99627316
./data/compress/SSLS182430_FR_FL.jpg,0.42580444,0.42145565,0.15273996
./data/compress/FSLW171195_FR_FL.jpg,0.986402,0.001460478,0.01213761
./data/compress/LHFA5501_FR_FL.jpg,0.012101512,9.95E-05,0.9877989
./data/compress/FPLW171174_FR_FL.jpg,0.10485448,0.003413749,0.89173174
./data/compress/CNLS182302_FR_CR.jpg,0.005750497,0.004498332,0.98975116
./data/compress/SCLM181201_FR_45.jpg,0.8100282,0.012586443,0.17738533
./data/compress/SSLM184107_FR_FL.jpg,0.9554861,0.000361437,0.044152435
./data/compress/SSLM183322_FR_CR.jpg,0.027789623,0.02364119,0.9485692
./data/compress/KXLW185301_FR_CR.jpg,0.000957551,3.92E-05,0.99900323
./data/compress/BALS182416_FR_CR.jpg,0.001158738,4.38E-05,0.99879754
./data/compress/SSLM183414_FR_CR.jpg,0.7890424,0.003075429,0.20788215
./data/compress/BCLM183402_FR_FL.jpg,0.000507835,2.25E-05,0.9994697
./data/compress/SSLS182204_FR_CR.jpg,0.08885115,3.23E-05,0.91111654
./data/compress/SCLS182302_FR_FL.jpg,0.003579411,0.000298728,0.9961218
./data/compress/CCLM182408_FR_CR.jpg,0.008804317,0.000399517,0.9907961
./data/compress/LXLM183407_FR_FL.jpg,0.38704732,0.000103523,0.6128491
./data/compress/SSLS182212_FR_CR.jpg,0.84347785,0.010737006,0.14578524
./data/compress/LXLM184475_FR_FL.jpg,0.8963074,0.002537282,0.101155266
./data/compress/BHLS182402_FR_FL.jpg,0.5715547,0.002209825,0.4262355
./data/compress/SSLS182103_FR_FL.jpg,0.7506099,0.001889845,0.2475003
./data/compress/LHLM184138_FR_FL.jpg,0.055755243,0.000402282,0.94384253
./data/compress/SSLM184133_FR_FL.jpg,0.9978957,0.000939871,0.001164311
./data/compress/LALS183105_FR_FL.jpg,0.038608775,0.001227287,0.96016395
./data/compress/LXLS182307_FR_FL.jpg,0.010794139,5.39E-05,0.98915195
./data/compress/LHLM183202_FR_FL.jpg,0.18959393,0.000797445,0.80960864
./data/compress/UDLM183201_FR_CR.jpg,0.2003796,0.085380286,0.7142402
./data/compress/FSLW172101_FR_FL.jpg,0.96504843,0.001545813,0.033405732
./data/compress/KXLS182102_FR_FL.jpg,0.000645406,5.85E-05,0.99929607
./data/compress/KXLM184201_FR_CR.jpg,0.006036202,0.000234668,0.9937291
./data/compress/SSLM183206_FR_CR.jpg,0.055297654,0.001882219,0.94282013
./data/compress/SSLM184425_FR_CR.jpg,0.02319066,0.000506841,0.9763025
./data/compress/SSFS197406_FR_1.jpg,0.005037823,0.000152022,0.9948101
./data/compress/FDLW171105_FR_45.jpg,0.02868756,0.000148373,0.97116405
./data/compress/SSLM184128_FR_FL.jpg,0.001752019,6.06E-05,0.99818736
./data/compress/CCLM182108_FR_FL.jpg,0.04656389,0.000278078,0.95315796
./data/compress/CJLS182201_FR_FL.jpg,0.00151146,0.003367947,0.9951206
./data/compress/BHLS183103_FR_CR.jpg,0.79466,0.044990882,0.16034912
./data/compress/FWLW171112_FR_FL.jpg,0.023016617,0.9708439,0.006139493
./data/compress/KXLM184101_FR_FL.jpg,0.022565054,0.01633771,0.9610973
./data/compress/STLM184301_FR_FL.jpg,0.6266123,0.002966436,0.37042126
./data/compress/CCLS181203_FR_CR.jpg,0.22714205,0.019084584,0.75377333
./data/compress/FWLW171114_FR_CR.jpg,0.00334648,0.000114992,0.9965385
./data/compress/CCLM183205_FR_FL.jpg,0.00345567,0.000217034,0.99632734
./data/compress/SSLS182112_FR_FL.jpg,0.004407334,8.79E-05,0.9955048
./data/compress/FCLW171131_FR_FL.jpg,0.10257444,0.002093167,0.8953324
./data/compress/SCLS183110_FR_FL.jpg,0.094147235,0.001808315,0.9040445
./data/compress/LXLM184211_FR_FL.jpg,0.29569784,0.003982458,0.70031965
./data/compress/BCLM182107_FR_FL.jpg,0.07891174,0.001555238,0.919533
./data/compress/LXLS182106_FR_1_.jpg,0.09166166,0.000805382,0.90753293
./data/compress/BALS182413_FR_FL.jpg,0.9995815,4.92E-05,0.000369247
./data/compress/SSLS181119_FR_CR.jpg,0.9990829,0.000242179,0.000674958
./data/compress/BALS182102_FR_CR.jpg,0.002159282,0.000199862,0.99764085
./data/compress/CCFW186403_FR_45.jpg,0.006723612,0.000459883,0.99281645
./data/compress/FWLW172103_FR_FL.jpg,0.16940291,0.003501568,0.8270955
./data/compress/CCLM181108_FR_FL.jpg,3.68E-05,6.62E-06,0.9999566
./data/compress/BHLS181103_FR_CR.jpg,0.9159997,0.0194573,0.064542994
./data/compress/BALS183102_FR_CR.jpg,0.99593204,0.001263094,0.002804872
./data/compress/SCLM182102_FR_CR.jpg,0.001122118,3.81E-05,0.9988398
./data/compress/CNLS182404_FR_CR.jpg,0.052859183,0.12733296,0.8198078
./data/compress/SSLM184120_FR_FL.jpg,0.001487798,0.000352609,0.9981596
./data/compress/BCLM183402_FR_CR.jpg,0.011396769,0.000338848,0.9882643
./data/compress/BHLM183004_FR_CR.jpg,0.9231396,0.001595683,0.07526481
./data/compress/LXLM183212_FR_FL.jpg,0.97275656,5.77E-05,0.027185742
./data/compress/SSLM184428_FR_CR.jpg,0.043993004,6.91E-05,0.95593786
./data/compress/FOLW171107_FR_FL.jpg,0.007310048,0.00019636,0.9924935
./data/compress/SCLM184201_FR_FL.jpg,3.00E-06,5.29E-06,0.99999166
./data/compress/LHLS182103_FR_FL.jpg,0.25473595,0.08020347,0.66506064
./data/compress/FDLW171172_FR_FL.jpg,0.18800907,0.000598901,0.811392
./data/compress/FSLW171180_FR_FL.jpg,0.010150146,0.002168267,0.9876816
./data/compress/SSLS182437_FR_CR.jpg,0.76070976,0.001913261,0.23737697
./data/compress/KJLS182301_FR_CRFL.jpg,0.001610604,0.000151202,0.9982382
./data/compress/KFLS182401_FR_45.jpg,0.96981287,0.00018294,0.030004203
./data/compress/FPLW171152_FR_FL.jpg,0.004459454,0.000175205,0.9953654
./data/compress/CCLM184108_FR_FL.jpg,0.005151639,1.17E-05,0.9948367
./data/compress/STLS183102_FR_FL.jpg,0.99991643,3.36E-05,5.00E-05
./data/compress/SMLS183101_FR_FL.jpg,0.6906811,0.004618951,0.3047
./data/compress/LXLM184323_FR_FL.jpg,0.004713668,0.9275432,0.0677431
./data/compress/FCLW172101_FR_FL.jpg,0.4767207,0.007853313,0.51542604
./data/compress/LXLS182209_FR_FL.jpg,0.28152615,0.000418707,0.7180552
./data/compress/SSLS181201_FR_CR.jpg,0.4854576,0.000289333,0.5142531
./data/compress/CCLS181103_FR_CR.jpg,0.14252074,0.001544782,0.85593444
./data/compress/FPLW171125_FR_CR.jpg,0.001317678,0.000171069,0.99851125
./data/compress/FOLW171107_FR_CR.jpg,0.1408821,0.043343104,0.8157748
./data/compress/UDLS190101_FR_45.jpg,0.001539544,0.000167728,0.99829274
./data/compress/SSLM184310_FR_FL.jpg,0.9847393,0.000198959,0.015061689
./data/compress/SCLM181201_FR_FL.jpg,0.059915543,0.00077927,0.9393052
./data/compress/LXLM183217_FR_FL.jpg,0.060819905,0.29528716,0.64389294
./data/compress/FSLW171134_FR_FL.jpg,0.00022643,2.09E-05,0.9997527
./data/compress/BALW186401_FR_45.jpg,0.002878407,0.000117446,0.9970041
./data/compress/SSLM183305_FR_CR.jpg,0.27155015,0.000527771,0.7279221
./data/compress/SSLM181102_FR_FL.jpg,0.022900619,0.000279242,0.9768201
./data/compress/LXLM183010_FR_FL.jpg,0.000243633,5.57E-05,0.9997008
./data/compress/UDLM182405_FR_CR.jpg,0.0112703,0.000115769,0.98861396
./data/compress/CCLM183305_FR_CR.jpg,0.003139885,0.000551363,0.99630874
./data/compress/BCLM183401_FR_FL.jpg,2.98E-05,4.98E-07,0.9999697
./data/compress/SSLM184432_FR_CR.jpg,0.017916594,4.00E-05,0.98204345
./data/compress/SWLS190106_FR_45.jpg,0.001409911,6.99E-05,0.9985202
./data/compress/LXLM183314_FR_FL.jpg,0.01794985,0.9029788,0.07907136
./data/compress/SSLM183320_FR_CR.jpg,0.1395949,0.000373652,0.8600315
./data/compress/CNLS182403_FR_FL.jpg,0.020971991,0.000370782,0.9786572
./data/compress/UDLM182102_FR_CR.jpg,0.086006716,0.03256446,0.8814289
./data/compress/FFLW171145_FR_FL.jpg,0.001549636,0.000686373,0.997764
./data/compress/BHLS181101_FR_CR.jpg,0.3622191,0.054045774,0.58373517
./data/compress/SSLM183002_FR_CR.jpg,0.075720206,0.026637744,0.8976421
./data/compress/STLS182202_FR_FL.jpg,0.025570503,0.005929438,0.9685001
./data/compress/LHLM183205_FR_FL.jpg,0.001302806,2.00E-05,0.9986771
./data/compress/LXLS181111_FR_FL.jpg,0.94883794,0.02741681,0.02374529
./data/compress/SSLS182208_FR_CR.jpg,0.10191947,4.27E-05,0.8980378
./data/compress/LXLS182404_FR_45.jpg,0.10541118,0.000944039,0.8936448
./data/compress/FDLW171145_FR_CR.jpg,0.5011584,0.00108638,0.49775523
./data/compress/LXLM184432_FR_FL.jpg,0.6913183,0.02779561,0.28088617
./data/compress/SSLA184922_FR_CR.jpg,0.32058474,0.0432608,0.6361545
./data/compress/FOLW171200_FR_FL.jpg,0.007340909,0.001802701,0.9908564
./data/compress/LXLM184308_FR_FL.jpg,0.016201137,0.86636484,0.11743402
./data/compress/BCLM183201_FR_CR.jpg,0.35109764,0.4368743,0.21202803
./data/compress/FWLW172107_FR_CR.jpg,7.57E-05,2.79E-05,0.9998964
./data/compress/STLM184103_FR_FL.jpg,0.04437582,0.000241352,0.9553828
./data/compress/SSLM183006_FR_FL.jpg,0.056360338,0.000130109,0.9435096
./data/compress/UDLM184112_FR_CR.jpg,0.93879336,0.012667554,0.048539046
./data/compress/KJLA184504_FR_FL.jpg,0.038269922,0.013981932,0.9477481
./data/compress/BCLS182205_FR_FL.jpg,0.3052858,0.000133279,0.69458085
./data/compress/SSLS182309_FR_CR.jpg,0.82209337,0.089329734,0.08857693
./data/compress/LHLM184316_FR_FL.jpg,0.99490887,0.000360399,0.004730666
./data/compress/BCLM183403_FR_FL.jpg,0.095092684,7.66E-05,0.90483075
./data/compress/BALS182410_FR_FL.jpg,0.13745503,0.001348545,0.86119646
./data/compress/STLM182109_FR_CR.jpg,0.012793972,0.00081629,0.9863898
./data/compress/SSLM183223_FR_FL.jpg,0.042574696,0.001487055,0.9559383
./data/compress/SSLM184436_FR_CR.jpg,0.40560144,0.13931003,0.45508856
./data/compress/CNLS182202_FR_CR.jpg,0.043417618,0.045299765,0.9112826
./data/compress/SSLM184183_FR_CR.jpg,0.7821739,0.004315456,0.21351074
./data/compress/FULW172101_FR_FL.jpg,0.014334901,0.003312527,0.98235255
./data/compress/SCLM182201_FR_FL.jpg,0.2751218,0.002472556,0.7224057
./data/compress/BHLA185103_FR_CR.jpg,0.48717234,0.14095196,0.37187567
./data/compress/LXLM183002_FR_FL.jpg,0.8284968,0.07970942,0.09179386
./data/compress/CCLM182408_FR_FL.jpg,0.000757984,2.74E-05,0.99921453
./data/compress/LXLM184148_FR_FL.jpg,0.031935964,0.000405938,0.9676581
./data/compress/SSLM184415_FR_CR.jpg,0.006072417,0.000174964,0.99375266
./data/compress/BHLM183006_FR_CR.jpg,0.006677734,0.000732377,0.99258983
./data/compress/FBLS181101_FR_CR.jpg,0.005921846,0.000422305,0.9936559
./data/compress/SCFS197702_FR_45.jpg,0.000647851,3.57E-05,0.99931645
./data/compress/SSLM184406_FR_FL.jpg,0.000742394,6.96E-05,0.999188
./data/compress/BSLM183005_FR_CR.jpg,0.46478376,0.25924334,0.27597293
./data/compress/UDLM182203_FR_CR.jpg,0.12675767,0.008207135,0.86503524
./data/compress/FFLW171112_FR_45.jpg,0.005447035,0.000261799,0.9942912
./data/compress/KFLM183001_FR_FL.jpg,0.000324783,0.00010827,0.999567
./data/compress/FPLW171174_FR_CR.jpg,0.052190386,0.008331313,0.9394783
./data/compress/LXLS182102_FR_FL.jpg,0.014752349,0.98435366,0.000893961
./data/compress/KMLM184105_FR_CR.jpg,0.0009724,0.001157166,0.99787045
./data/compress/SSLM182106_FR_CR.jpg,0.04515219,0.000671748,0.954176
./data/compress/BHLM182303_FR_FL.jpg,0.013853085,0.001361749,0.9847852
./data/compress/CCLM183301_FR_CR.jpg,0.022722462,0.9690617,0.008215869
./data/compress/CCLM182406_FR_FL.jpg,0.072495654,0.001455748,0.9260486
./data/compress/SSLS182306_FR_FL.jpg,0.98801315,0.000863495,0.01112342
./data/compress/SMLA184507_FR_CR.jpg,0.000197194,4.81E-05,0.9997547
./data/compress/SSLM182205_FR_FL.jpg,0.008069259,0.003516971,0.98841375
./data/compress/LXLM184458_FR_FL.jpg,0.9996063,5.28E-05,0.000340941
./data/compress/SSLS182207_FR_FL.jpg,0.022060558,0.000165213,0.97777426
./data/compress/CJLS182401_FR_FL.jpg,0.011618176,0.000263119,0.9881187
./data/compress/SSLM184413_FR_FL.jpg,0.97787297,0.000242478,0.021884523
./data/compress/CCLS182417_FR_CR.jpg,0.02543945,6.12E-05,0.9744994
./data/compress/BHLS197902_FR_45.jpg,0.026314853,0.000942711,0.97274244
./data/compress/FSLW171121_FR_FL.jpg,0.008030238,0.000126482,0.9918433
./data/compress/LXLM184457_FR_FL.jpg,0.39065537,0.00169787,0.60764676
./data/compress/CNLS182202_FR_FL.jpg,0.424555,0.2639659,0.31147912
./data/compress/FTLW171120_FR_CR.jpg,0.96868795,0.004840025,0.026472062
./data/compress/BCLM183301_FR_FL.jpg,0.00075158,4.22E-05,0.99920624
./data/compress/SSLS182416_FR_CR.jpg,0.99991477,2.19E-05,6.33E-05
./data/compress/SSLS182404_FR_45.jpg,0.9942258,0.001568831,0.004205304
./data/compress/SSLS181201_FR_FL.jpg,0.035653006,0.000910247,0.9634367
./data/compress/SSLS182102_FR_FL.jpg,0.012258645,0.001894532,0.9858468
./data/compress/SSLM184159_FR_FL.jpg,0.006350911,0.000876595,0.9927725
./data/compress/CXLM181104_FR_CR.jpg,0.20085771,0.1784019,0.6207404
./data/compress/CCLM181106_FR_FL.jpg,0.001746774,4.92E-06,0.99824834
./data/compress/SSLM183008_FR_FL.jpg,0.028449204,3.82E-05,0.97151256
./data/compress/FCLW171151_FR_FL.jpg,0.5638851,0.006588669,0.42952624
./data/compress/SSLM184413_FR_CR.jpg,0.54061925,0.019207565,0.44017324
./data/compress/SSLS183405_FR_FL.jpg,0.09895281,0.004197977,0.89684916
./data/compress/FOLW171155_FR_FL.jpg,0.09524831,0.001033956,0.90371776
./data/compress/FTLW171117_FR_45.jpg,0.109413646,0.002148649,0.8884377
./data/compress/SSLM183412_FR_CR.jpg,0.000204765,2.43E-06,0.9997929
./data/compress/LHLM182204_FR_FL.jpg,0.65435386,0.07103933,0.27460676
./data/compress/KMLM184105_FR_FL.jpg,0.006913039,0.001261514,0.99182546
./data/compress/SSLS182311_FR_CR.jpg,0.000121306,1.12E-05,0.99986744
./data/compress/BALM182405_FR_CR.jpg,0.99826103,0.000441565,0.001297369
./data/compress/LXLS182211_FR_45.jpg,0.13449912,0.000137413,0.8653634
./data/compress/BCLM181201_FR_CR.jpg,0.01014568,3.64E-05,0.9898179
./data/compress/SSLM184103_FR_FL.jpg,0.000387077,5.50E-06,0.9996075
./data/compress/SSLM184433_FR_FL.jpg,0.01908192,0.23478226,0.74613583
./data/compress/SSLM184309_FR_FL.jpg,0.001395637,3.89E-05,0.9985655
./data/compress/SCLA184503_FR_CR.jpg,0.003892763,0.000202003,0.99590516
./data/compress/CLLM181201_FR_45.jpg,0.22079182,0.006099259,0.77310896
./data/compress/BHLM182201_FR_CR.jpg,0.033201754,0.001008811,0.9657894
./data/compress/BHLS182402_FR_CR.jpg,0.12785594,0.016105048,0.85603905
./data/compress/SSLM181204_FR_FL.jpg,0.9996575,1.40E-05,0.000328457
./data/compress/CCLM183203_FR_CR.jpg,0.002466254,0.000636266,0.99689746
./data/compress/SSLA184906_FR_FL.jpg,0.12583858,0.000460187,0.8737012
./data/compress/FPLW171162_FR_FL.jpg,0.009604876,0.000404549,0.9899906
./data/compress/UDLM184405_FR_CR.jpg,0.11278222,0.38633603,0.5008818
./data/compress/BHLM184101_FR_CR.jpg,0.21457995,0.6291818,0.15623823
./data/compress/CCLM184415_FR_FL.jpg,0.03305507,0.000800233,0.9661447
./data/compress/LXLS183118_FR_45.jpg,0.008907989,0.000444907,0.99064714
./data/compress/SSLS181106_FR_CR.jpg,7.97E-06,2.42E-07,0.9999918
./data/compress/CCLM182207_FR_CR.jpg,0.99545646,0.000194498,0.004349094
./data/compress/LHLS183114_FR_FL.jpg,0.07866152,0.000437222,0.9209013
./data/compress/BWLM182202_FR_CR.jpg,0.909808,0.012829675,0.0773624
./data/compress/CXLM181101_FR_FL.jpg,0.9988558,0.000248185,0.000896045
./data/compress/SSLM181203_FR_FL.jpg,0.000160805,6.46E-06,0.99983275
./data/compress/FTLW171105_FR_FL.jpg,0.079670146,0.002713903,0.91761595
./data/compress/SCLS181106_FR_CR.jpg,0.001359702,4.29E-05,0.99859744
./data/compress/UDLS182401_FR_CR.jpg,0.25124997,0.015302685,0.7334474
./data/compress/SSLM183319_FR_CR.jpg,0.6990729,0.002856148,0.29807088
./data/compress/FSLW171107_FR_45.jpg,0.42729774,0.011426198,0.561276
./data/compress/LXLS190401_FR_45.jpg,0.006180537,0.000260802,0.9935587
./data/compress/FDLW171157_FR_45.jpg,0.28798348,0.001442886,0.7105737
./data/compress/STLS181102_FR_FL.jpg,0.9991841,0.000238076,0.000577832
./data/compress/UDLM182409_FR_CR.jpg,0.01647817,0.000508386,0.98301345
./data/compress/SSLS182404_FR_CR.jpg,0.9983016,0.000315227,0.001383108
./data/compress/SCLW186401_FR_45.jpg,0.002878407,0.000117446,0.9970041
./data/compress/CCLM184408_FR_CR.jpg,0.003385598,9.15E-05,0.9965229
./data/compress/KFLM184101_FR_45.jpg,2.45E-05,2.32E-06,0.9999732
./data/compress/SCLS182103_FR_FL.jpg,0.03603528,0.000177432,0.9637873
./data/compress/SSLM183101_FR_FL.jpg,0.000363006,4.87E-05,0.9995883
./data/compress/STLM183301_FR_FL.jpg,0.90142006,0.007328682,0.09125125
./data/compress/SCLS181107_FR_FL.jpg,0.001897247,0.00018708,0.9979157
./data/compress/FOLW171180_FR_FL.jpg,0.18358955,0.001219743,0.8151907
./data/compress/LXLS182308_FR_FL.jpg,0.036900394,0.000173645,0.9629259
./data/compress/CCLM182204_FR_CR.jpg,0.98201996,0.002663747,0.015316364
./data/compress/SSLM184123_FR_CR.jpg,0.8396422,0.021185718,0.139172
./data/compress/SSLM183318_FR_CR.jpg,0.005690636,0.000542087,0.99376726
./data/compress/SSLM184102_FR_FL.jpg,0.009972895,0.000616057,0.98941106
./data/compress/CCLS181109_FR_CR.jpg,0.031051768,0.002857033,0.9660913
./data/compress/FSLW171146_FR_FL.jpg,0.70750195,0.007888849,0.2846092
./data/compress/FTLW171106_FR_FL.jpg,0.11690612,0.004766388,0.8783275
./data/compress/SSLS182307_FR_45.jpg,0.14747001,0.000151717,0.8523783
./data/compress/FDLW171130_FR_45.jpg,0.9977962,0.00187574,0.000327998
./data/compress/SSLM182101_FR_CR.jpg,0.5059189,0.013586074,0.48049498
./data/compress/CCLS181202_FR_CR.jpg,0.008856901,0.001052552,0.9900905
./data/compress/SSLS197801_FR_45.jpg,0.27551764,0.000739614,0.7237428
./data/compress/SWLM183401_FR_FL.jpg,0.014312241,0.000281948,0.9854058
./data/compress/FOLW171159_FR_FL.jpg,0.7567868,0.001063532,0.24214962
./data/compress/LHLM184153_FR_FL.jpg,0.00542483,0.000292156,0.994283
./data/compress/FTLW171125_FR_CR.jpg,0.9998202,3.05E-05,0.000149323
./data/compress/SSLM183213_FR_CR.jpg,0.035772864,0.04737111,0.916856
./data/compress/FSLW171191_FR_FL.jpg,0.9788841,0.000111346,0.021004612
./data/compress/KYLS182101_FR_CR.jpg,0.000183335,4.86E-06,0.9998118
./data/compress/FOLW171159_FR_45.jpg,0.7135993,0.032077167,0.25432348
./data/compress/FOLW172103_FR_CR.jpg,0.005181019,0.00022161,0.9945973
./data/compress/FJLW171121_FR_CR.jpg,0.21284635,0.78593546,0.001218212
./data/compress/BWLS182201_FR_CR.jpg,0.99650013,0.001811827,0.001687991
./data/compress/FCLW171144_FR_FL.jpg,0.003794109,0.000337377,0.99586856
./data/compress/CCLM182401_FR_FL.jpg,0.000478558,1.95E-05,0.99950194
./data/compress/SSLS181103_FR_FL.jpg,0.40163037,0.014933749,0.5834359
./data/compress/SSLM183006_FR_CR.jpg,0.82974565,0.001084086,0.16917029
./data/compress/FSLW171136_FR_45.jpg,0.74610513,0.007819632,0.24607515
./data/compress/SCLM182402_FR_FL.jpg,0.003731047,9.97E-05,0.99616927
./data/compress/LHLM184428_FR_FL.jpg,0.11604933,0.041078318,0.8428724
./data/compress/SSLM184147_FR_CR.jpg,0.99987507,4.15E-05,8.34E-05
./data/compress/SSLM184167_FR_FL.jpg,0.000454988,5.37E-05,0.99949133
./data/compress/KXFA184701_FR_CR.jpg,0.000477541,0.00012473,0.99939775
./data/compress/KXLA184514_FR_FL.jpg,0.001282115,0.000192969,0.99852496
./data/compress/SSLS182108_FR_CR.jpg,0.8629404,0.000694153,0.13636549
./data/compress/CCLM184119_FR_FL.jpg,0.97945434,0.000196165,0.020349547
./data/compress/BALM182406_FR_FL.jpg,0.00025329,1.60E-05,0.99973077
./data/compress/FDLW171111_FR_45.jpg,0.001662631,6.35E-05,0.99827385
./data/compress/LXLA184540_FR_FL.jpg,0.000820186,5.56E-05,0.9991242
./data/compress/LALM183303_FR_FL.jpg,0.003456081,0.005677756,0.99086624
./data/compress/SCLM184109_FR_FL.jpg,0.96340555,0.029760957,0.006833503
./data/compress/FULW171101_FR_FL.jpg,0.6781652,5.67E-05,0.32177812
./data/compress/BWLS181102_FR_FL.jpg,0.008942711,0.000210819,0.99084646
./data/compress/BCLS182104_FR_FL.jpg,0.000422264,4.94E-05,0.9995283
./data/compress/FSLW171153_FR_45.jpg,0.087480724,0.000464974,0.91205424
./data/compress/SSLM183403_FR_FL.jpg,0.00064409,8.08E-06,0.99934787
./data/compress/FDLW171134_FR_45.jpg,9.70E-05,4.39E-05,0.9998591
./data/compress/SWFA185503_FR_CR.jpg,0.000474557,4.17E-05,0.9994837
./data/compress/FJLW171120_FR_CR.jpg,0.052902475,0.000900361,0.9461971
./data/compress/SCLM182103_FR_FL.jpg,0.000612213,7.25E-05,0.99931526
./data/compress/KJLS181101_FR_FL.jpg,0.000428651,5.14E-05,0.99951994
./data/compress/FTLW171115_FR_45.jpg,0.81703067,0.003364712,0.17960463
./data/compress/SSLS182312_FR_FL.jpg,0.002844602,1.12E-05,0.99714416
./data/compress/LHLA185302_FR_FL.jpg,0.011710036,0.000130288,0.98815966
./data/compress/SSFS197607_CCLA185002_FR_45.jpg,0.11843297,0.000792514,0.8807745
./data/compress/SSLM183308_FR_FL.jpg,0.16972128,0.002436676,0.82784206
./data/compress/UDLS182102_FR_FL.jpg,0.7878901,0.000649326,0.21146064
./data/compress/CJLS182401_FR_CR.jpg,0.003276494,0.00155387,0.9951696
./data/compress/SMLS196703_FR_1.jpg,0.017081924,4.34E-05,0.98287463
./data/compress/LHLM184143_FR_FL.jpg,0.009927849,0.0009076,0.98916453
./data/compress/SCLA184509_FR_FL.jpg,0.003217707,0.0001291,0.99665326
./data/compress/BALS182401_FR_FL.jpg,0.9556141,0.000765631,0.043620266
./data/compress/FSLW171101_FR_CR.jpg,0.32645908,0.000688314,0.67285264
./data/compress/UDLM184111_FR_CR.jpg,0.021300675,0.002092556,0.9766068
./data/compress/FTLW171134_FR_FL.jpg,0.035968214,0.000980711,0.963051
./data/compress/UDLM183202_FR_CR.jpg,0.08748068,0.007392035,0.90512735
./data/compress/SSLM182412_FR_CR.jpg,0.3057155,0.000264855,0.6940196
./data/compress/LXLM183311_FR_FL.jpg,0.14384349,0.08682512,0.7693314
./data/compress/FOLW171193_FR_CR.jpg,0.002847789,0.063563615,0.93358856
./data/compress/FDLW171144_FR_45.jpg,0.5593731,0.007575177,0.43305174
./data/compress/KXLS182201_FR_CR.jpg,0.003845372,0.000155945,0.99599874
./data/compress/FOLW171121_FR_FL.jpg,0.04035682,0.00061374,0.9590294
./data/compress/KXLS182105_FR_CR.jpg,9.70E-05,2.21E-05,0.9998809
./data/compress/LXLM184428_FR_FL.jpg,0.33393577,0.00186871,0.66419554
./data/compress/CCLM184108_FR_CR.jpg,0.99301445,0.000448232,0.006537356
./data/compress/FPLW171165_FR_FL.jpg,0.000515201,3.75E-05,0.9994473
./data/compress/SSLS181103_FR_CR.jpg,0.8923477,0.03768578,0.06996653
./data/compress/BCLM183002_FR_CR.jpg,0.9416722,0.049137846,0.009189963
./data/compress/FOLW171108_FR_45.jpg,0.015831515,0.98388565,0.000282922
./data/compress/SSLM184130_FR_CR.jpg,0.007277569,0.000242789,0.9924797
./data/compress/SSLM182108_FR_FL.jpg,0.66041696,0.19617522,0.14340784
./data/compress/UDLM184402_FR_CR.jpg,5.33E-05,5.72E-05,0.9998894
./data/compress/SSLM183210_FR_FL.jpg,0.027655628,0.000999843,0.97134453
./data/compress/LXLM183004_FR_FL.jpg,0.006109298,0.000218372,0.9936724
./data/compress/KFLS182401_FR_FL.jpg,0.010790135,5.98E-05,0.9891501
./data/compress/BHLS182104_FR_CR.jpg,0.12680802,0.010928005,0.86226404
./data/compress/FPLW171189_FR_CR.jpg,0.000875318,0.99876356,0.000361166
./data/compress/BALS182304_FR_FL.jpg,0.000231194,7.98E-06,0.9997608
./data/compress/LXLM184139_FR_FL.jpg,0.010936985,0.021807898,0.9672551
./data/compress/SCLM181204_FR_CR.jpg,0.001227074,6.57E-05,0.9987072
./data/compress/SSLS182304_FR_FL.jpg,0.822583,0.012706802,0.16471013
./data/compress/FSLW171151_FR_45.jpg,0.035461005,0.00635381,0.95818526
./data/compress/SSLS182216_FR_FL.jpg,0.004466373,0.000320654,0.9952129
./data/compress/SBLS182108_FR_CR.jpg,0.027572518,0.000192924,0.97223455
./data/compress/LXLM184424_FR_FL.jpg,0.025711099,0.000145275,0.9741436
./data/compress/SSLM184401_FR_FL.jpg,0.99846953,0.000158513,0.001371957
./data/compress/LALS183103_FR_45.jpg,0.56341285,0.001056072,0.43553108
./data/compress/LHFA185604_FR_45.jpg,0.001188019,3.17E-05,0.9987802
./data/compress/BHLM182303_FR_CR.jpg,0.014088532,0.004504458,0.98140705
./data/compress/BHLS197005_FR_2.jpg,0.057304837,0.003982651,0.9387125
./data/compress/BCLS181103_FR_FL.jpg,0.38908684,0.002138522,0.60877466
./data/compress/SSLS182411_FR_45.jpg,0.6292019,0.001444875,0.36935326
./data/compress/STLM182107_FR_FL.jpg,0.003579216,6.62E-06,0.9964142
./data/compress/SWLA184902_FR_CR.jpg,0.001143856,5.99E-05,0.9987962
./data/compress/BHLS182401_FR_FL.jpg,0.9999902,7.44E-06,2.42E-06
./data/compress/KJLM184102_FR_CR.jpg,0.005348678,0.002688299,0.991963
./data/compress/ULLM184401_FR_FL.jpg,0.23525481,0.6026464,0.16209881
./data/compress/SSLM183205_FR_FL.jpg,0.000424164,0.000124668,0.9994512
./data/compress/UDLM182403_FR_CR.jpg,0.952967,0.00100631,0.046026766
./data/compress/FSLW171153_FR_FL.jpg,0.07956601,0.000622145,0.9198119
./data/compress/LXLM184312_FR_FL.jpg,0.022144135,0.000509665,0.9773462
./data/compress/CCLS182414_FR_CR.jpg,0.9866412,0.004419523,0.008939243
./data/compress/CCLM181105_FR_FL.jpg,0.016709454,0.000273104,0.98301744
./data/compress/SSLS181112_FR_FL.jpg,2.77E-05,5.29E-07,0.99997175
./data/compress/FPLW171149_FR_.jpg,0.01892663,0.002461474,0.9786119
./data/compress/LALS183102_FR_FL.jpg,0.050359808,0.007111587,0.94252855
./data/compress/LXLM184316_FR_FL.jpg,0.0529394,0.000401632,0.9466589
./data/compress/LXLS190115_FR_45.jpg,0.004647631,0.000397582,0.99495476
./data/compress/LXLM183319_FR_FL.jpg,0.20218256,0.000466976,0.79735047
./data/compress/BHLS183107_FR_CR.jpg,0.000268802,7.22E-05,0.99965894
./data/compress/LALM184402_FR_FL.jpg,0.000132691,1.90E-05,0.99984825
./data/compress/FDLW171129_FR_45.jpg,0.008159432,0.000958623,0.9908819
./data/compress/BCLM183404_FR_FL.jpg,0.000121878,4.22E-06,0.9998739
./data/compress/FOLW171195_FR_FL.jpg,0.000356381,4.54E-05,0.9995982
./data/compress/UDLM182102_FR_FL.jpg,0.33991,0.004035674,0.6560543
./data/compress/FFLW171125_FR_CR.jpg,0.14198752,0.001662149,0.85635036
./data/compress/FDLW171109_FR_45.jpg,0.010097405,0.000227003,0.9896756
./data/compress/CCLM183201_FR_FL.jpg,0.000852145,9.92E-05,0.99904865
./data/compress/LALM184413_FR_FL.jpg,0.019987067,0.001015973,0.978997
./data/compress/SSLS182201_FR_CR.jpg,0.000485435,1.71E-05,0.99949753
./data/compress/BCLM183207_FR_CR.jpg,0.5266042,0.056526486,0.41686934
./data/compress/KJLM182201_FR_45.jpg,0.20471165,0.000322792,0.79496557
./data/compress/SSLM184439_FR_FL.jpg,0.20170495,0.02103263,0.77726245
./data/compress/SSLS182416_FR_FL.jpg,0.9944647,0.00028499,0.005250348
./data/compress/SSLS182436_FR_FL.jpg,0.85709995,0.006057126,0.13684295
./data/compress/KNLS181103_FR_FL.jpg,0.004652667,3.84E-05,0.99530894
./data/compress/LXLA184526_FR_FL.jpg,0.000174394,5.80E-05,0.9997676
./data/compress/SSLA184910_FR_45.jpg,0.001347281,2.87E-05,0.99862397
./data/compress/KJLM183301_FR_CR.jpg,0.00010025,1.49E-05,0.99988484
./data/compress/CNLS181103_FR_FL.jpg,0.000324716,1.91E-05,0.9996562
./data/compress/BCLM182302_FR_FL.jpg,0.000282457,1.49E-06,0.999716
./data/compress/LHFA185001_FR_FL.jpg,0.000478165,3.98E-05,0.9994821
./data/compress/BHLM184112_FR_FL.jpg,0.009911949,0.92896223,0.06112578
./data/compress/BALM182301_FR_FL.jpg,0.00065876,0.000236542,0.9991047
./data/compress/SSLM183316_FR_CR.jpg,0.20362948,0.002333037,0.7940375
./data/compress/SSLS182435_FR_CR.jpg,0.001678172,3.57E-05,0.99828607
./data/compress/BALS183113_FR_CR.jpg,0.99810886,0.000576894,0.00131415
./data/compress/FOLW171182_FR_FL.jpg,0.000181218,6.54E-06,0.9998123
./data/compress/SSLS182432_FR_CR.jpg,0.008803938,7.08E-05,0.9911253
./data/compress/FWLW171102_FR_CR.jpg,0.6035102,0.040950544,0.3555393
./data/compress/LHLM184432_FR_FL.jpg,0.006094532,0.000319329,0.9935861
./data/compress/LHLM182304_FR_FL.jpg,0.000488028,0.000128889,0.9993831
./data/compress/KXLS182103_FR_FL.jpg,0.47779065,0.00687169,0.5153377
./data/compress/LXLM182103_FR_FL.jpg,0.015074032,5.15E-05,0.9848744
./data/compress/LXLM182210_FR_FL.jpg,0.000436862,0.000420498,0.99914265
./data/compress/SSLS181125_FR_FL.jpg,0.018481804,0.000515216,0.9810029
./data/compress/LXLM183026_FR_FL.jpg,0.05749747,0.009774052,0.93272847
./data/compress/STLM182403_FR_CR.jpg,0.000154124,9.95E-06,0.99983585
./data/compress/FOLW171149_FR_FL.jpg,0.8188605,0.003323868,0.17781565
./data/compress/LXLM183317_FR_FL.jpg,0.5958035,0.000794607,0.40340185
./data/compress/SSLS182410_FR_FL.jpg,0.9110435,0.001131259,0.0878253
./data/compress/SSLM184146_FR_FL.jpg,0.000648926,0.00020938,0.9991417
./data/compress/LSLM183003_FR_FL.jpg,0.9908506,0.007387523,0.001761834
./data/compress/FWLW171120_FR_45.jpg,0.103340216,0.00064721,0.8960126
./data/compress/CCLS181102_FR_FL.jpg,0.06820435,0.014943509,0.9168521
./data/compress/SCLM184103_FR_FL.jpg,0.001644675,0.002884823,0.9954705
./data/compress/SWLW185304_FR_CR.jpg,0.7178376,0.005781578,0.27638093
./data/compress/SSLM183315_FR_CR.jpg,0.9908772,0.002718173,0.00640458
./data/compress/CCLS183401_FR_CR.jpg,0.042985618,0.010025024,0.94698936
./data/compress/CCLM181106_FR_CR.jpg,0.006385862,2.49E-05,0.9935893
./data/compress/LHLM181106_FR_45.jpg,0.99640816,0.001842054,0.001749707
./data/compress/CCLS183404_FR_FL.jpg,0.019540142,8.23E-05,0.9803775
./data/compress/CXLS197001_FR_45.jpg,0.27551764,0.000739614,0.7237428
./data/compress/SSLA184808_FR_FL.jpg,0.5018758,0.001764624,0.4963596
./data/compress/KMLM184301_FR_FL.jpg,0.000681346,8.83E-05,0.9992304
./data/compress/LXLS182408_FR_45.jpg,0.000682451,0.000155075,0.99916244
./data/compress/CCLS182412_FR_FL.jpg,0.001028074,1.19E-05,0.99896
./data/compress/BHLM184105_FR_FL.jpg,0.000493077,8.73E-05,0.9994197
./data/compress/STLS181201_FR_CR.jpg,0.5529658,0.000280893,0.44675326
./data/compress/BCLM183201_FR_FL.jpg,0.17394169,0.59409434,0.23196393
./data/compress/FJLW171136_FR_FL.jpg,0.5942055,0.008511786,0.3972827
./data/compress/FCLW172102_FR_CR.jpg,0.008378956,0.000314932,0.9913061
./data/compress/BHLS183201_FR_CR.jpg,0.003790883,0.001307339,0.9949018
./data/compress/LHLS182102_FR_FL.jpg,0.055415563,0.000436839,0.9441476
./data/compress/STLM181108_FR_FL.jpg,9.63E-05,6.31E-05,0.9998406
./data/compress/STLS183402_FR_FL.jpg,0.001328428,2.62E-05,0.99864537
./data/compress/FDLW171158_FR_45.jpg,0.46086186,0.001207757,0.53793037
./data/compress/STLM184402_FR_CR.jpg,0.09462556,0.000189105,0.90518534
./data/compress/KXLS182105_FR_FL.jpg,0.004091832,0.000730187,0.995178
./data/compress/SSLS182304_FR_CR.jpg,0.000491903,0.000112017,0.9993961
./data/compress/CNLS182302_FR_FL.jpg,0.00241886,0.000330115,0.997251
./data/compress/LXLM184433_FR_FL.jpg,0.000392009,3.91E-05,0.9995689
./data/compress/FJLW171120_FR_45.jpg,0.027552413,0.000587888,0.9718597
./data/compress/LXLM184306_FR_FL.jpg,0.000298664,8.39E-06,0.9996929
./data/compress/CCLM182104_FR_CR.jpg,0.115705766,0.8313536,0.052940615
./data/compress/LALM183010_FR_FL.jpg,5.62E-05,8.32E-06,0.9999355
./data/compress/CCLM184114_FR_FL.jpg,0.038290665,0.8884163,0.07329309
./data/compress/FPLW171134_FR_CR.jpg,0.12951195,0.024245715,0.8462423
./data/compress/FPLW171174_FR_45.jpg,0.14158016,0.08431795,0.7741019
./data/compress/KMLS183201_FR_45.jpg,0.000818826,2.08E-05,0.9991604
./data/compress/FPLW171141_FR_CR.jpg,0.31388426,0.000961397,0.6851543
./data/compress/CCLM183003_FR_CR.jpg,0.46371937,0.00928926,0.5269914
./data/compress/KXLS182203_FR_CR.jpg,0.6460043,0.005146107,0.34884962
./data/compress/KJLS182301_FR_CR.jpg,0.000163549,6.00E-06,0.99983037
./data/compress/FOLW171114_FR_CR.jpg,0.69496983,0.022810455,0.28221977
./data/compress/SSLM184144_FR_CR.jpg,0.9999343,1.41E-05,5.15E-05
./data/compress/BALM182301_FR_CR.jpg,0.06931687,0.011512383,0.9191708
./data/compress/CNLS182401_FR_CR.jpg,0.01841823,0.002713724,0.978868
./data/compress/CCLM182106_FR_CR.jpg,0.53629833,0.009838133,0.4538635
./data/compress/SSLM184425_FR_FL.jpg,0.088762745,0.000478331,0.9107589
./data/compress/FOLW171166_FR_CR.jpg,0.560817,0.119952016,0.31923097
./data/compress/SSLM182203_FR_FL.jpg,0.9718409,0.000284882,0.027874254
./data/compress/CCLS182101_FR_FL.jpg,0.04868796,3.46E-05,0.95127743
./data/compress/BWLS181106_FR_CR.jpg,0.9526758,0.01686036,0.03046382
./data/compress/FTLW171134_FR_45.jpg,0.011942972,0.00499172,0.98306525
./data/compress/SSLM184150_FR_FL.jpg,0.89454895,0.004036266,0.10141479
./data/compress/FOLW171111_FR_45.jpg,0.53814954,0.059482694,0.4023678
./data/compress/SSLS182435_FR_FL.jpg,0.000240831,0.000125021,0.99963415
./data/compress/CCLM184302_FR_FL.jpg,0.000279365,6.58E-05,0.9996549
./data/compress/STLM183305_FR_CR.jpg,0.000537614,8.46E-05,0.9993777
./data/compress/SSLS181122_FR_FL.jpg,0.9894344,0.0004371,0.010128436
./data/compress/SSLM184145_FR_CR.jpg,0.01760482,0.14001581,0.84237933
./data/compress/FSLW171107_FR_FL.jpg,0.012684008,0.000244333,0.9870717
./data/compress/FSLW171192_FR_CR.jpg,4.28E-06,4.65E-06,0.99999106
./data/compress/SSLS181106_FR_FL.jpg,6.11E-05,7.35E-06,0.9999316
./data/compress/SSLS182410_FR_CR.jpg,0.99563086,0.000162373,0.004206739
./data/compress/LSLM181104_FR_45.jpg,0.01984402,0.002185016,0.977971
./data/compress/UDLM182402_FR_CR.jpg,0.020867186,0.000393609,0.97873914
./data/compress/SWLS181103_FR_FL.jpg,0.81350106,0.002849623,0.18364932
./data/compress/FPLW171189_FR_45.jpg,0.009802229,0.98801976,0.002178024
./data/compress/SSLM184179_FR_FL.jpg,0.001585838,6.01E-05,0.9983541
./data/compress/CCLM182206_FR_FL.jpg,0.000831721,1.65E-05,0.9991517
./data/compress/BHLS182301_FR_CR.jpg,0.005845812,0.98106754,0.013086607
./data/compress/BALS182102_FR_FL.jpg,8.65E-05,1.59E-05,0.9998976
./data/compress/LHLM182313_FR_FL.jpg,0.08673519,0.000949358,0.9123154
./data/compress/CXFS197202_7818_FR_45.jpg,0.000545921,1.91E-05,0.999435
./data/compress/SSA184501_FR_FL.jpg,0.000297389,9.43E-05,0.99960834
./data/compress/KKLM184101_FR_FL.jpg,0.25853702,0.10754299,0.63391995
./data/compress/CCLM182103_FR_CR.jpg,0.9973328,0.00041953,0.002247644
./data/compress/KMLS182201_FR_CR.jpg,0.93940884,0.008643336,0.05194786
./data/compress/FOLW171126_FR_45.jpg,0.6153192,0.009062677,0.37561813
./data/compress/FOLW171101_FR_CR.jpg,0.3179489,0.025998782,0.65605235
./data/compress/SSLS183202_FR_FL.jpg,0.7881716,0.003417178,0.20841125
./data/compress/BALM182401_FR_CR.jpg,0.00136462,9.62E-06,0.99862576
./data/compress/LXLM184421_FR_FL.jpg,0.09501002,0.000192175,0.90479773
./data/compress/FDLW171128_FR_45.jpg,0.003011443,0.000205035,0.9967835
./data/compress/KKLW185306_FR_FL.jpg,0.002108672,7.81E-05,0.9978132
./data/compress/FWLW171114_FR_45.jpg,0.00048561,3.43E-05,0.9994802
./data/compress/FOLW171212_FR_FL.jpg,0.9805596,0.000547595,0.01889276
./data/compress/STLS183402_FR_CR.jpg,0.9353131,0.002948343,0.061738607
./data/compress/BPLS181103_FR_FL.jpg,0.9956049,0.002583734,0.001811337
./data/compress/BHLM184301_FR_FL.jpg,0.000207107,8.66E-06,0.9997843
./data/compress/BALM184102_FR_CR.jpg,0.99854434,0.000199549,0.001256175
./data/compress/STLM184104_FR_FL.jpg,0.000863796,0.000353539,0.9987827
./data/compress/LHLS196903_FR_45.jpg,0.004579859,3.82E-05,0.9953819
./data/compress/SSLM182203_FR_CR.jpg,0.9919417,0.000109423,0.00794897
./data/compress/BCLM181201_FR_FL.jpg,0.000483006,5.96E-06,0.999511
./data/compress/FOLW172102_FR_FL.jpg,0.000212466,3.86E-05,0.9997489
./data/compress/FJLW171105_FR_FL.jpg,0.004009442,0.00022698,0.99576354
./data/compress/SSLM183308_FR_CR.jpg,0.3125987,0.31956875,0.3678325
./data/compress/KXFS197304_FR_45.jpg,0.008905947,0.000437647,0.99065644
./data/compress/FDLW171209_FR_FL.jpg,0.9341325,0.024482336,0.041385103
./data/compress/BHLS182403_FR_CR.jpg,0.059115235,0.007986271,0.93289846
./data/compress/BHLM184404_FR_CR.jpg,0.08643501,0.8799562,0.033608794
./data/compress/KXLS182204_FR_CR.jpg,0.000366264,0.000968688,0.9986651
./data/compress/BWLS181105_FR_CR.jpg,0.028259754,0.9576417,0.014098461
./data/compress/SSLM184433_FR_CR.jpg,0.01735878,0.005604834,0.9770364
./data/compress/BALS181104_FR_FL.jpg,0.075018816,0.017213546,0.90776765
./data/compress/FOLW171203_FR_FL.jpg,0.001057938,2.70E-05,0.9989151
./data/compress/FSLW171162_FR_45.jpg,0.5018131,0.00042545,0.49776143
./data/compress/SSLM183419_FR_FL.jpg,0.005142907,0.000117027,0.99474007
./data/compress/LHLM184113_FR_FL.jpg,0.002876402,0.000115805,0.9970078
./data/compress/LXLS182207_FR_FL.jpg,0.08902334,0.001825175,0.9091515
./data/compress/FSLW171143_FR_CR.jpg,0.44797862,0.00801572,0.54400563
./data/compress/KYLS182101_FR_45.jpg,9.79E-05,7.03E-07,0.9999014
./data/compress/CXLM183002_FR_FL.jpg,0.000642039,0.99834967,0.001008238
./data/compress/KRLS196701_FR_45.jpg,0.09150653,0.000858275,0.9076352
./data/compress/CCLS182301_FR_CR.jpg,0.99935013,0.000132172,0.000517745
./data/compress/CCLS181108_FR_CR.jpg,0.5610289,0.09581831,0.34315288
./data/compress/SSLM184424_FR_FL.jpg,0.003733104,0.000211586,0.99605525
./data/compress/FSLW171101_FR_45.jpg,0.93597245,0.000556787,0.06347081
./data/compress/LHLM184158_FR_FL.jpg,0.48323247,0.005742822,0.5110247
./data/compress/FTLW171106_FR_CR.jpg,0.40044132,0.022900963,0.5766578
./data/compress/LALM181104_FR_FL.jpg,0.000647935,1.30E-05,0.99933904
./data/compress/CCLM184115_FR_CR.jpg,0.023660718,0.000485232,0.97585404
./data/compress/SSLS182105_FR_CR.jpg,0.00095192,0.000127784,0.9989203
./data/compress/KJLM184101_FR_CR.jpg,0.17006697,0.001994295,0.8279388
./data/compress/LXLM184138_FR_FL.jpg,0.009164508,0.00063528,0.9902002
./data/compress/KXLS181106_FR_CR_.jpg,9.25E-05,7.55E-05,0.9998319
./data/compress/FJLW171110_FR_45.jpg,0.024008477,0.00087801,0.9751135
./data/compress/BALM184403_FR_CR.jpg,0.6905545,0.020278413,0.28916708
./data/compress/SSLS181104_FR_CR.jpg,0.003766295,0.000393419,0.9958403
./data/compress/BWLS181101_FR_CR.jpg,0.03970985,0.003370788,0.9569194
./data/compress/UDLM184301_FR_CR.jpg,0.015088031,0.000994208,0.9839177
./data/compress/LHM184403_FR_FL.jpg,0.003391791,0.000283655,0.9963245
./data/compress/SSLM184451_FR_CR.jpg,0.000173715,2.48E-05,0.99980146
./data/compress/SSLS182412_FR_FL.jpg,0.053294964,0.001070531,0.9456345
./data/compress/SSLM184158_FR_CR.jpg,0.002486537,9.29E-06,0.9975042
./data/compress/LXLM184482_FR_FL.jpg,0.00034298,1.45E-05,0.9996425
./data/compress/FPLW171148_FR_45.jpg,0.8388213,0.05483943,0.10633925
./data/compress/LXLM183204_FR_FL.jpg,0.3980491,0.4748088,0.12714203
./data/compress/LXLM184305_FR_FL.jpg,0.9861076,0.001376997,0.012515442
./data/compress/SSLM183110_FR_CR.jpg,0.14490345,2.77E-05,0.85506886
./data/compress/KXLS182108_FR_CR.jpg,0.011841101,0.00025133,0.9879076
./data/compress/STLM183203_FR_FL.jpg,0.001773958,0.000326296,0.9978998
./data/compress/BHLS183402_FR_FL.jpg,0.036242146,0.001187151,0.96257067
./data/compress/LSLM183201_FR_FL.jpg,0.8728044,0.08425515,0.042940427
./data/compress/FDLW171152_FR_FL.jpg,0.080036394,0.000506454,0.9194572
./data/compress/UDLM184110_FR_CR.jpg,0.05650422,0.001423409,0.9420724
./data/compress/SSLM184164_FR_FL.jpg,0.000174934,0.000430589,0.9993944
./data/compress/FDLW171206_FR_CR.jpg,0.43892947,0.012650942,0.54841965
./data/compress/BALS182410_FR_CR.jpg,0.5169036,0.037758008,0.44533843
./data/compress/BPLS182401_FR_FL.jpg,0.001929718,0.000171396,0.9978988
./data/compress/SSLS183102_FR_FL.jpg,0.020926394,0.000550975,0.9785226
./data/compress/CCLS182404_FR_FL.jpg,0.000362385,0.000216693,0.999421
./data/compress/SMLA184506_FR_FL.jpg,0.001052143,0.000156367,0.9987915
./data/compress/KJLS181101_FR_CR.jpg,0.000375778,7.20E-05,0.9995522
./data/compress/LALM184418_FR_FL.jpg,0.024379032,0.6712551,0.30436587
./data/compress/KXLM184106_FR_CR.jpg,9.61E-05,1.15E-05,0.99989235
./data/compress/FJLW171103_FR_CR.jpg,0.027957615,6.06E-05,0.97198176
./data/compress/CCLM183204_FR_FL.jpg,0.12113135,0.000478773,0.87838984
./data/compress/KJLS190101_FR_45.jpg,0.023306904,0.000200452,0.97649264
./data/compress/SWLS181101_FR_CR.jpg,0.9687874,0.001290261,0.029922396
./data/compress/FTLW171136_FR_FL.jpg,0.01113996,0.000115788,0.98874426
./data/compress/UDLM184104_FR_CR.jpg,0.04171883,0.021950789,0.9363304
./data/compress/BALS181102_FR_CR.jpg,0.03621427,0.005481261,0.95830446
./data/compress/STLM184107_FR_CR.jpg,0.026861126,0.026587348,0.9465515
./data/compress/FFLW171124_FR_FL.jpg,0.015042612,0.001376735,0.98358065
./data/compress/FOLW171154_FR_FL.jpg,0.38938516,0.009205191,0.6014097
./data/compress/SSLS182407_FR_CR.jpg,0.4797196,0.002936797,0.5173436
./data/compress/FJLW171128_FR_45.jpg,0.03771125,0.015301243,0.94698757
./data/compress/BHLM184105_FR_CR.jpg,0.98287404,0.003900973,0.013224982
./data/compress/BCLS182204_FR_CR.jpg,0.003226815,7.24E-05,0.9967007
./data/compress/KFLS197201_FR_45.jpg,0.13248077,0.000301377,0.8672179
./data/compress/BWLM182202_FR_FL.jpg,0.8143095,0.001721688,0.18396889
./data/compress/SSLS182213_FR_FL.jpg,0.006388526,0.000153133,0.99345833
./data/compress/CCLM184302_FR_CR.jpg,0.018082226,0.000385208,0.9815325
./data/compress/FOLW171188_FR_45.jpg,0.012707272,0.002282905,0.98500985
./data/compress/FSLW171140_FR_CR.jpg,0.9807128,0.000822999,0.018464154
./data/compress/FDLW171145_FR_FL.jpg,0.5401529,0.002298609,0.45754844
./data/compress/FOLW171165_FR_CR.jpg,0.11417341,0.027041273,0.85878533
./data/compress/LXLM184320_FR_FL.jpg,0.010159303,4.64E-05,0.9897942
./data/compress/UDLS182103_FR_FL.jpg,0.26705322,0.001144172,0.73180264
./data/compress/SSLM184402_FR_FL.jpg,0.032988884,7.72E-05,0.9669339
./data/compress/BHLS183201_FR_FL.jpg,0.00064489,0.000147853,0.9992073
./data/compress/FTLW171133_FR_FL.jpg,0.27930218,0.009813478,0.71088433
./data/compress/CXLM182101_FR_CR.jpg,0.04720275,0.010921851,0.9418754
./data/compress/LXLM183028_FR_FL.jpg,0.024837537,8.88E-05,0.9750737
./data/compress/FJLW171132_FR_FL.jpg,0.7391832,0.003056811,0.25776002
./data/compress/LHLM184164_FR_FL.jpg,0.17405623,0.003999526,0.8219442
./data/compress/CCLM184410_FR_CR.jpg,0.03267403,3.89E-05,0.967287
./data/compress/SSLM183325_FR_FL.jpg,0.00014913,3.91E-06,0.99984694
./data/compress/FCLW171112_FR_FL.jpg,0.75733083,0.001840916,0.24082826
./data/compress/SSLS183203_FR_FL.jpg,0.000438922,4.92E-05,0.99951184
./data/compress/CCLS182415_FR_FL.jpg,0.97639763,0.00230075,0.021301573
./data/compress/SSLM183320_FR_FL.jpg,0.1253144,0.001357046,0.87332857
./data/compress/BWLS181201_FR_FL.jpg,0.013233918,0.001027204,0.9857389
./data/compress/LXLM184426_FR_FL.jpg,0.26293427,0.000934591,0.73613113
./data/compress/SSLM183110_FR_FL.jpg,0.5624099,0.00061434,0.43697578
./data/compress/SSLM184136_FR_FL.jpg,0.10433492,0.000765754,0.8948993
./data/compress/UDLM183401_FR_FL.jpg,0.002363114,0.000172826,0.99746406
./data/compress/BALM183304_FR_FL.jpg,0.013927632,0.9569447,0.029127618
./data/compress/LSLM184404_FR_FL.jpg,0.002614816,0.991995,0.005390158
./data/compress/BCLM184301_FR_CR.jpg,0.035730045,0.8654423,0.098827764
./data/compress/FPLW171147_FR_45.jpg,0.94041497,0.032441072,0.02714392
./data/compress/SSLM181201_FR_45.jpg,0.9450088,0.001251987,0.053739157
./data/compress/FYLW171115_FR_FL.jpg,0.000942482,0.000328523,0.99872893
./data/compress/FCLW171117_FR_FL.jpg,0.022861471,0.003849735,0.97328883
./data/compress/KJLS181102_FR_FL.jpg,0.12326641,0.002998504,0.8737351
./data/compress/LHLM183203_FR_FL.jpg,0.00017627,1.43E-05,0.99980944
./data/compress/SWLW185305_FR_FL.jpg,0.002490677,1.73E-05,0.9974921
./data/compress/CNLS181203_FR_FL.jpg,0.008406228,0.000161503,0.9914323
./data/compress/LHLM184412_FR_FL.jpg,0.001869369,0.000124085,0.9980065
./data/compress/SSLM183215_FR_FL.jpg,0.031907868,0.003869202,0.9642229
./data/compress/KXLM184104_FR_FL.jpg,0.000320017,3.17E-05,0.9996482
./data/compress/FOLW171154_FR_CR.jpg,0.13517536,0.011995076,0.8528296
./data/compress/FOLW171209_FR_FL.jpg,0.056291685,0.000211627,0.94349664
./data/compress/LXLS182101_FR_FL.jpg,0.016914232,8.71E-05,0.98299867
./data/compress/FDLW171176_FR_45.jpg,0.003226898,6.92E-05,0.9967039
./data/compress/FFLW171107_FR_CR.jpg,0.003242289,1.39E-05,0.9967438
./data/compress/SSLM184178_FR_FL.jpg,0.006897464,0.000388011,0.99271446
./data/compress/FJLW171104_FR_FL.jpg,0.018864535,0.000544036,0.9805915
./data/compress/SSLS182407_FR_45.jpg,0.1472631,0.000702644,0.8520343
./data/compress/SSLM183410_FR_CR.jpg,0.18650143,1.65E-05,0.81348205
./data/compress/CCLM182206_FR_CR.jpg,0.009862042,0.00016013,0.98997784
./data/compress/FCLW171155_FR_45.jpg,0.57615,0.01617685,0.40767318
./data/compress/CCLM182410_FR_CR.jpg,0.012377427,0.000878541,0.98674405
./data/compress/CNLM182203_FR_CR.jpg,0.21883616,0.16006668,0.62109715
./data/compress/UDLS182102_FR_CR.jpg,0.9267003,0.007420505,0.06587919
./data/compress/BALM181201_FR_FL.jpg,0.003580985,0.000141929,0.99627703
./data/compress/FSLW171121_FR_45.jpg,0.004639928,0.000178284,0.99518174
./data/compress/FWLW172104_FR_CR.jpg,0.6877651,0.029225826,0.28300905
./data/compress/BCLS182202_FR_FL.jpg,0.8991926,0.07917888,0.02162854
./data/compress/SSLM183214_FR_CR.jpg,3.69E-05,3.21E-05,0.999931
./data/compress/SSLM184461_FR_FL.jpg,0.065689676,0.000574487,0.93373585
./data/compress/LHLM181107_FR_CR.jpg,1.36E-05,9.77E-07,0.99998534
./data/compress/LALM183302_FR_FL.jpg,0.025035642,0.9679785,0.006985838
./data/compress/SCLS195901_FR_45.jpg,0.07410922,0.001094268,0.9247965
./data/compress/KXLA184503_FR_FL.jpg,0.03296946,0.000172214,0.9668583
./data/compress/LHLM184115_FR_FL.jpg,0.07195438,0.000106567,0.92793906
./data/compress/KXLS182104_FR_FL.jpg,0.73646545,0.000148955,0.26338556
./data/compress/CCLM182108_FR_CR.jpg,0.015411219,0.006088782,0.9785
./data/compress/FPLW171162_FR_45.jpg,0.8801652,0.039829478,0.080005266
./data/compress/SSLS182411_FR_FL.jpg,0.00019194,5.07E-06,0.999803
./data/compress/LXLM182220_FR_FL.jpg,0.24693306,0.7196759,0.033391014
./data/compress/FOLW171135_FR_FL.jpg,0.8988528,0.005277589,0.09586965
./data/compress/LHLM183408_FR_FL.jpg,0.9998258,5.10E-05,0.000123206
./data/compress/SSLM182106_FR_FL.jpg,0.90194464,0.01219552,0.08585986
./data/compress/FOLW171201_FR_CR.jpg,0.001371214,9.95E-05,0.9985293
./data/compress/SSLM182103_FR_CR.jpg,0.004845333,4.81E-05,0.9951066
./data/compress/FRLW171101_FR_45.jpg,0.08567628,0.012167985,0.9021557
./data/compress/LXLS182402_FR_FL.jpg,0.9987109,0.000189158,0.001099896
./data/compress/CXFS197301_FR_1.jpg,0.15390772,0.019917522,0.82617474
./data/compress/SSLM183407_FR_CR.jpg,0.023186393,0.000651409,0.9761622
./data/compress/SSLM184165_FR_CR.jpg,0.67995733,0.001059031,0.3189836
./data/compress/FOLW171155_FR_CR.jpg,0.18109168,0.009065024,0.8098433
./data/compress/SSLM184153_FR_FL.jpg,0.10125324,6.62E-05,0.89868057
./data/compress/LXLM183412_FR_FL.jpg,0.13080864,8.20E-05,0.8691094
./data/compress/LHLM182311_FR_FL.jpg,0.43898952,0.000440072,0.56057036
./data/compress/SCLS183110_FR_CR.jpg,0.001357117,0.000202593,0.9984403
./data/compress/SBLS182103_FR_CR.jpg,0.000549348,4.27E-05,0.9994079
./data/compress/CXLM184103_FR_CR.jpg,0.06538197,0.24970081,0.6849172
./data/compress/FDLW171201_FR_FL.jpg,0.07191486,0.000117315,0.9279678
./data/compress/SSLA184924_FR_FL.jpg,0.005834413,0.00023486,0.9939307
./data/compress/BHLM183004_FR_FL.jpg,1.55E-05,1.90E-05,0.99996555
./data/compress/SSLM183003_FR_FL.jpg,0.03144086,0.08075421,0.8878049
./data/compress/LXLM184141_FR_FL.jpg,0.7531526,0.000272236,0.24657516
./data/compress/FOLW171184_FR_FL.jpg,0.5650113,0.005922476,0.4290662
./data/compress/SSLS182104_FR_45.jpg,0.00090768,3.51E-05,0.99905723
./data/compress/STLM182401_FR_FL.jpg,0.000179268,3.79E-06,0.99981695
./data/compress/UDLS182103_FR_CR.jpg,0.46733224,0.020845985,0.5118218
./data/compress/FDLW171142_FR_45.jpg,0.08949641,0.001284092,0.9092195
./data/compress/SSLM183222_FR_FL.jpg,0.007425219,0.002474111,0.9901007
./data/compress/SSLM184444_FR_CR.jpg,0.9962888,0.001380552,0.002330623
./data/compress/BCLS181104_FR_FLjpg.jpg,0.005554447,7.05E-05,0.9943751
./data/compress/BCLS183102_FR_CR.jpg,0.004374065,1.71E-05,0.99560875
./data/compress/FRLW171104_FR_45.jpg,0.71375525,0.006343111,0.27990165
./data/compress/SSM182401_FR_CR.jpg,0.16407937,0.000325949,0.8355947
./data/compress/SCLM182402_FR_CR.jpg,0.013542606,0.00672863,0.97972876
./data/compress/CCLM182111_FR_FL.jpg,0.000463364,8.19E-06,0.9995284
./data/compress/BCLS182101_FR_FL.jpg,0.15649013,0.003510424,0.83999944
./data/compress/SSLM183211_FR_FL.jpg,0.001290461,9.99E-05,0.99860966
./data/compress/SSLM184407_FR_FL.jpg,0.002006521,0.000253649,0.9977398
./data/compress/FDLW171204_FR_45.jpg,0.56168884,0.4153331,0.02297808
./data/compress/BALS182201_FR_CR.jpg,0.32278395,0.5996271,0.077589
./data/compress/BALM184101_FR_CR.jpg,0.60058033,0.07766997,0.32174963
./data/compress/UDLS183101_FR_CR.jpg,0.005923779,0.000114526,0.99396163
./data/compress/SWLS181102_FR_CR.jpg,0.051480446,0.000964904,0.9475546
./data/compress/STLM183007_FR_CR.jpg,0.003809548,0.00026174,0.9959287
./data/compress/KXLS181105_FR_CR.jpg,0.002911091,0.000248783,0.9968401
./data/compress/FSLW171176_FR_CR.jpg,0.4662708,0.013216104,0.5205131
./data/compress/FTLW171123_FR_FL.jpg,0.19955966,0.00141278,0.7990276
./data/compress/BCLM182102_FR_FL.jpg,0.34177184,0.000754878,0.65747327
./data/compress/LXLM183210_FR_FL.jpg,0.9967872,0.001785551,0.00142723
./data/compress/SSLS190108_FR_45.jpg,0.00671732,0.000153422,0.9931292
./data/compress/SBLM183011_FR_FL.jpg,0.001517573,0.000102632,0.9983798
./data/compress/SWLS190105_FR_45.jpg,0.006601869,0.000225467,0.9931726
./data/compress/FDLW171112_FR_45.jpg,0.000118357,4.86E-06,0.99987674
./data/compress/LHLM184311_FR_FL.jpg,0.000220851,7.55E-05,0.9997036
./data/compress/FSLW171136_FR_CR.jpg,0.17840551,0.001979982,0.8196145
./data/compress/BHLS182302_FR_CR.jpg,0.053430613,0.001581577,0.94498783
./data/compress/KXLA184503_FR_CR.jpg,0.14497833,0.001949828,0.8530718
./data/compress/SSLM184128_FR_CR.jpg,0.02747067,0.000359129,0.97217023
./data/compress/BHLS181205_FR_CR.jpg,0.000897204,0.000203977,0.99889874
./data/compress/LXLM184414_FR_FL.jpg,0.005393516,0.000186698,0.99441975
./data/compress/TBLS181101_FR_FL.jpg,0.17862745,0.57531375,0.2460588
./data/compress/BCLS181101_FR_CR.jpg,0.010341513,0.000370149,0.98928833
./data/compress/FCLW171140_FR_45.jpg,0.12685505,0.505362,0.36778298
./data/compress/SSLS181123_FR_CR.jpg,0.95839006,0.000220167,0.041389756
./data/compress/SSLM183304_FR_FL.jpg,0.12598291,0.8327749,0.041242193
./data/compress/SSLM184122_FR_FL.jpg,0.00756011,0.00015896,0.9922809
./data/compress/SSLM183102_FR_CR.jpg,0.09364467,0.000739622,0.90561575
./data/compress/CCLM182203_FR_FL.jpg,0.48518503,1.00E-04,0.514715
./data/compress/BCLM182301_FR_FL.jpg,7.85E-05,6.78E-06,0.99991477
./data/compress/FOLW171132_FR_CR.jpg,0.048094537,0.07320402,0.87870145
./data/compress/SSLM184105_FR_FL.jpg,0.051112365,0.00427046,0.9446172
./data/compress/SSLS182211_FR_CR.jpg,0.000215997,7.17E-05,0.9997123
./data/compress/LXLA184517_FR_1_.jpg,0.000733363,0.000132747,0.9991339
./data/compress/SSLM184145_FR_FL.jpg,0.005628419,0.002645013,0.9917265
./data/compress/CCLM182105_FR_CR.jpg,0.03803693,0.16352029,0.79844284
./data/compress/STLS182201_FR_FL.jpg,0.000179638,1.39E-05,0.9998066
./data/compress/FPLW171149_FR_FL.jpg,0.000352776,4.71E-05,0.9996001
./data/compress/FCLW172101_FR_45.jpg,0.72790706,0.003633063,0.2684599
./data/compress/LXLM184134_FR_FL.jpg,0.000232667,1.66E-06,0.9997657
./data/compress/SSLS182217_FR_CR.jpg,0.9566393,0.001694257,0.041666497
./data/compress/CNLS181202_FR_FL.jpg,0.9992636,0.000102748,0.000633588
./data/compress/SSLM184427_FR_CR.jpg,0.022015797,0.001708548,0.9762757
./data/compress/FOLW171103_FR_45.jpg,0.002610122,0.000212085,0.99717784
./data/compress/SSLM184162_FR_FL.jpg,0.000770911,0.000483169,0.9987459
./data/compress/FDLW171118_FR_45.jpg,0.7104897,0.00221376,0.2872966
./data/compress/LSLM184402_FR_FL.jpg,0.014650879,0.000194999,0.9851541
./data/compress/LXLS181104_FR_FL.jpg,0.89818394,0.001719698,0.10009632
./data/compress/LHLM184433_FR_FL.jpg,0.014943368,9.69E-05,0.98495966
./data/compress/BHLM184405_FR_CR.jpg,0.07717899,0.9035868,0.019234184
./data/compress/CCLM182410_FR_FL.jpg,0.007320873,0.000104575,0.9925746
./data/compress/CCLS182417_FR_FL.jpg,0.005173426,3.27E-05,0.99479383
./data/compress/FOLW171182_FR_45.jpg,0.027893987,0.005082962,0.9670231
./data/compress/SWLS181103_FR_CR.jpg,0.002465181,0.000413605,0.99712116
./data/compress/FJLW171126_FR_FL.jpg,0.002467218,0.001377738,0.9961551
./data/compress/SSLM182412_FR_FL.jpg,0.16874872,0.000553287,0.830698
./data/compress/FPLW171146_FR_FL.jpg,0.62811244,0.16662751,0.20526011
./data/compress/FDLW171114_FR_45.jpg,0.004729682,0.000874796,0.9943955
./data/compress/FFLW171120_FR_CR.jpg,0.009204307,0.000371864,0.99042386
./data/compress/SSLA184920_FR_CR.jpg,0.30139875,0.012652461,0.6859488
./data/compress/BCLM182201_FR_CR.jpg,0.005371297,0.000497936,0.9941308
./data/compress/LSLS181101_FR_1_.jpg,0.053035136,0.7714974,0.1754674
./data/compress/SSLS181109_FR_FL.jpg,0.0363431,0.013620048,0.9500369
./data/compress/KXLM184104_FR_CR.jpg,0.002440146,2.33E-05,0.99753654
./data/compress/SSLM184169_FR_CR.jpg,0.003143424,0.000620276,0.9962364
./data/compress/LXLM184147_FR_FL.jpg,0.9960593,0.002930026,0.001010691
./data/compress/SSLM184430_FR_FL.jpg,3.03E-05,1.17E-06,0.9999685
./data/compress/STLS182406_FR_CR.jpg,0.055620193,0.000140928,0.9442389
./data/compress/KXLS181103_FR_FL.jpg,0.176727,0.10342242,0.71985066
./data/compress/BALM184102_FR_FL.jpg,0.08906523,0.000598986,0.91033584
./data/compress/LXLS183401_FR_45.jpg,0.000309396,4.85E-05,0.99964213
./data/compress/KXFS197701_FR_45.jpg,0.013880075,0.000327007,0.98579293
./data/compress/FOLW171109_FR_45.jpg,0.70053685,0.06588486,0.23357825
./data/compress/SSLM184130_FR_FL.jpg,0.005988679,5.66E-05,0.9939547
./data/compress/FSLW171127_FR_FL.jpg,0.003404456,0.000560592,0.9960349
./data/compress/FWLW172107_FR_FL.jpg,0.001542818,0.000194116,0.99826306
./data/compress/LXLM183417_FR_FL.jpg,0.86539125,0.002957228,0.13165142
./data/compress/FOLW172101_FR_CR.jpg,0.16762343,0.000177769,0.8321988
./data/compress/SSLM183105_FR_FL.jpg,0.022966893,0.000646424,0.9763867
./data/compress/STLM181201_FR_FL.jpg,0.084631234,0.000315738,0.91505307
./data/compress/SSLA185108_FR_FL.jpg,0.07204987,0.001419009,0.92653114
./data/compress/SSLM183215_FR_CR.jpg,0.044840544,0.27755255,0.6776069
./data/compress/FSLW171119_FR_45.jpg,0.015968896,0.001342913,0.98268825
./data/compress/FFLW171116_FR_45.jpg,0.47563264,0.18756005,0.3368073
./data/compress/LHLM183402_FR_FL.jpg,0.003474055,2.65E-05,0.9964994
./data/compress/CCLS181110_FR_CR.jpg,0.35562745,0.027288105,0.61708444
./data/compress/CCLM184113_FR_FL.jpg,0.13215825,0.008399437,0.8594423
./data/compress/FPLW171188_FR_CR.jpg,0.3344509,0.010646562,0.6549025
./data/compress/SSLS181112_FR_CR.jpg,7.05E-05,2.91E-07,0.9999293
./data/compress/LXLM184407_FR_FL.jpg,0.1536252,0.000273824,0.846101
./data/compress/CCLS182203_FR_CR.jpg,0.20260765,0.104942575,0.69244975
